Name,Age,Salary
John,30,50000
Alice,25,60000
Bob,35,75000
Eve,28,48000
David,40,90000
Sophia,29,62000
Michael,45,85000
Olivia,27,52000
William,33,71000
Emma,24,59000
James,38,82000
Ava,26,53000
Benjamin,41,93000
Mia,31,54000
Alexander,29,65000
Charlotte,35,75000
Daniel,32,68000
Amelia,28,48000
Henry,39,85000
Ella,25,61000
Matthew,34,73000
Scarlett,30,51000
Joseph,42,92000
Sofia,27,53000
Anthony,36,76000
Madison,23,57000
Andrew,43,91000
Aria,26,54000
Christopher,37,77000
Grace,29,62000
Joshua,44,89000
Avery,22,55000
Nicholas,31,56000
Chloe,28,49000
Josephine,30,52000
Daniel,32,68000
Lucy,26,53000
Samuel,40,89000
Zoe,25,60000
William,33,71000
Liam,35,75000
Lily,27,52000
Oliver,39,82000
Harper,29,61000
Matthew,34,73000
Evelyn,24,58000
James,38,82000
Sofia,27,53000
David,40,90000
Aria,26,54000
Joseph,42,92000
Madison,23,57000
Ella,25,61000
Anthony,36,76000
Scarlett,30,51000
Andrew,43,91000
Amelia,28,48000
Henry,39,85000
Mia,31,54000
Alexander,29,65000
Grace,29,62000
Daniel,32,68000
Lucy,26,53000
William,33,71000
Joshua,44,89000
Charlotte,35,75000
Sophia,29,62000
Nicholas,31,56000
Emma,24,59000
Avery,22,55000
Josephine,30,52000
Matthew,34,73000
Chloe,28,49000
Oliver,39,82000
Ava,26,53000
Liam,35,75000
Evelyn,24,58000
